Local,FedAvg,PersonalizedFL,Centralized
0.30952380952380953,0.380952380952381,0.2857142857142857,0.38095238095238093
0.888888888888889,1.0,1.0,1.0
0.5,0.6666666666666666,0.3333333333333333,0.6666666666666666
0.9,0.8,0.8,0.9
0.8500000000000001,0.5166666666666667,0.8500000000000001,0.5666666666666667
0.5,0.6666666666666666,0.6666666666666666,0.6666666666666666
0.5394736842105263,0.47368421052631576,0.631578947368421,0.5263157894736842
0.3392857142857143,0.0,0.30357142857142855,0.017857142857142856
0.5,0.3125,0.5,0.375
0.4,0.4,0.4,0.4
0.5714285714285714,0.46428571428571425,0.5714285714285715,0.46428571428571425
1.0,1.0,1.0,1.0
1.0,0.7777777777777777,0.8888888888888888,0.6666666666666666
0.25,0.375,0.25,0.3333333333333333
0.7222222222222222,0.5555555555555556,0.6666666666666667,0.5555555555555556
0.6166666666666667,0.4166666666666667,0.6166666666666667,0.4166666666666667
0.2,0.9333333333333333,0.13333333333333336,0.9333333333333333
0.8095238095238095,0.8095238095238095,0.8095238095238095,0.8095238095238095
0.9444444444444444,0.7777777777777777,0.7222222222222222,0.8333333333333333
0.5842293906810035,0.6630824372759856,0.6021505376344085,0.6738351254480286
0.6428571428571428,0.6904761904761905,0.5952380952380952,0.6666666666666666
1.0,0.7777777777777778,1.0,0.7777777777777778
0.3333333333333333,1.0,0.3333333333333333,1.0
1.0,1.0,0.8,1.0
0.8,0.6333333333333333,0.8166666666666667,0.6333333333333333
0.0,0.6666666666666666,0.3333333333333333,0.6666666666666666
0.4736842105263158,0.7236842105263157,0.5,0.7499999999999999
0.48214285714285715,0.5178571428571429,0.5178571428571429,0.48214285714285715
0.5625,0.4375,0.5,0.3125
0.4,0.6,0.2,0.6
0.41071428571428575,0.19642857142857145,0.4285714285714286,0.19642857142857145
1.0,1.0,1.0,1.0
1.0,0.7777777777777777,1.0,0.7777777777777777
0.8333333333333334,0.5,0.9166666666666666,0.5
0.16666666666666669,0.6666666666666667,0.33333333333333337,0.6666666666666667
0.6333333333333333,0.5166666666666667,0.6166666666666666,0.4833333333333333
0.4,0.5333333333333333,0.2666666666666667,0.4666666666666667
0.7619047619047619,0.8571428571428571,0.8571428571428571,0.8571428571428571
0.6666666666666667,0.5555555555555556,0.7222222222222222,0.6111111111111112
0.6953405017921146,0.7240143369175627,0.7132616487455197,0.7347670250896057
0.5952380952380952,0.6428571428571429,0.6190476190476191,0.6904761904761905
0.888888888888889,0.4444444444444444,0.888888888888889,0.3333333333333333
0.6666666666666666,0.5,0.6666666666666666,0.5
0.9,0.2,0.9,0.4
0.9333333333333333,0.45,0.9500000000000001,0.45
1.0,0.6666666666666666,0.8333333333333333,0.6666666666666666
0.47368421052631576,0.618421052631579,0.4736842105263158,0.6447368421052632
0.6428571428571428,0.6607142857142857,0.6071428571428572,0.625
0.4375,0.6875,0.5,0.625
0.8,0.8,0.6,0.6
0.5714285714285714,0.23214285714285715,0.5714285714285714,0.2142857142857143
0.9,0.6,0.9,0.5
1.0,0.7777777777777778,1.0,0.7777777777777778
1.0,0.6666666666666666,1.0,0.6666666666666666
0.5,0.5555555555555556,0.7777777777777779,0.5555555555555556
0.6166666666666667,0.5333333333333333,0.55,0.5166666666666666
0.2666666666666667,0.5333333333333334,0.2,0.46666666666666673
0.4285714285714286,0.5238095238095238,0.38095238095238093,0.6190476190476191
0.5,0.3333333333333333,0.4444444444444444,0.3333333333333333
0.6344086021505376,0.7204301075268817,0.6594982078853047,0.6953405017921147
0.4761904761904762,0.6904761904761905,0.5476190476190477,0.6904761904761905
0.888888888888889,1.0,1.0,1.0
0.5,0.16666666666666666,0.3333333333333333,0.16666666666666666
1.0,0.6,1.0,0.8
0.9166666666666667,0.38333333333333336,0.9333333333333333,0.3666666666666667
0.16666666666666666,0.3333333333333333,0.16666666666666666,0.3333333333333333
0.5526315789473684,0.4473684210526315,0.5394736842105263,0.4605263157894737
0.3392857142857143,0.5,0.375,0.5357142857142857
0.625,0.875,0.5,0.875
0.4,0.4,0.4,0.2
0.6071428571428572,0.5714285714285714,0.625,0.625
1.0,1.0,1.0,1.0
0.8888888888888888,0.5555555555555556,0.8888888888888888,0.5555555555555556
0.5,0.41666666666666663,0.5,0.5
0.5555555555555556,0.38888888888888895,0.6111111111111112,0.5
0.65,0.38333333333333336,0.6,0.3666666666666667
0.4,0.8,0.4,0.7333333333333334
0.38095238095238093,0.5714285714285714,0.2857142857142857,0.5238095238095238
0.4444444444444444,0.8333333333333333,0.38888888888888884,0.8333333333333333
0.6989247311827957,0.6810035842293907,0.7096774193548387,0.6953405017921146
0.6666666666666666,0.5952380952380952,0.6428571428571429,0.6190476190476191
1.0,1.0,1.0,1.0
1.0,0.5,1.0,0.6666666666666666
1.0,0.6,0.9,0.6
0.8333333333333333,0.4166666666666667,0.85,0.4166666666666667
0.0,0.5,0.0,0.5
0.5,0.6710526315789473,0.5394736842105263,0.6710526315789473
0.4107142857142857,0.375,0.375,0.375
0.25,0.9375,0.25,1.0
0.2,1.0,0.2,1.0
0.625,0.6964285714285715,0.6607142857142858,0.6607142857142858
1.0,1.0,1.0,1.0
0.8888888888888888,0.6111111111111112,0.8888888888888888,0.6111111111111112
0.5833333333333333,0.41666666666666663,0.4583333333333333,0.4583333333333333
0.7777777777777778,0.4444444444444445,0.6111111111111112,0.4444444444444445
0.7166666666666667,0.3166666666666667,0.7000000000000001,0.2666666666666667
0.2666666666666667,0.8,0.2666666666666667,0.6000000000000001
0.5714285714285715,0.9047619047619049,0.5714285714285714,1.0
0.4444444444444444,1.0,0.2777777777777778,1.0
0.6236559139784945,0.5842293906810037,0.6308243727598567,0.5663082437275986
