uid,resp_time,level,y
u00,1364237696,2,1
u00,1364268806,2,1
u00,1364268814,2,1
u00,1364509152,4,0
u00,1364498754,2,1
u00,1364496192,2,1
u00,1364498245,3,1
u00,1364522754,4,0
u00,1364504894,4,0
u00,1364598486,4,0
u00,1364617164,4,0
u00,1364752485,4,0
u00,1364770527,5,0
u00,1364949608,2,1
u00,1365035249,4,0
u00,1365102258,2,1
u00,1365117924,4,0
u00,1365174158,2,1
u00,1365309944,5,0
u00,1365392025,3,1
u00,1365979542,3,1
u00,1366057709,3,1
u00,1365485623,3,1
u00,1365807220,2,1
u00,1366297660,4,0
u00,1366100129,3,1
u00,1366084895,3,1
u00,1366191758,3,1
u00,1366258945,4,0
u00,1367208547,2,1
u00,1367296021,3,1
u00,1368585696,4,0
u00,1368036984,5,0
u00,1368670294,4,0
u00,1368071042,4,0
u00,1368756027,4,0
u00,1368819907,4,0
u00,1368844157,4,0
u00,1369151838,2,1
u00,1369454414,2,1
u00,1369497236,2,1
u00,1369499950,3,1
u00,1375922853,3,1
u00,1376614568,2,1
u01,1364359545,4,0
u01,1364514789,4,0
u01,1364603578,5,0
u01,1364784354,2,1
u01,1365060515,4,0
u01,1365142122,4,0
u01,1365211601,4,0
u01,1365241170,5,0
u01,1365562762,2,1
u01,1365893676,4,0
u01,1366331562,4,0
u01,1366440292,4,0
u01,1367135266,2,1
u01,1367185489,2,1
u01,1367177642,2,1
u01,1367214608,3,1
u01,1367301495,2,1
u02,1365038425,2,1
u02,1364421902,4,0
u02,1364601238,4,0
u02,1364682454,4,0
u02,1364768711,5,0
u02,1365300736,4,0
u02,1365979252,2,1
u02,1366085883,2,1
u02,1366103819,2,1
u02,1366185893,4,0
u02,1366257612,4,0
u02,1366451303,4,0
u02,1367193693,2,1
u02,1367208294,2,1
u02,1367294841,2,1
u03,1364410075,4,0
u03,1364410076,5,0
u03,1364773842,4,0
u03,1364773844,5,0
u03,1364773838,5,0
u03,1364773845,5,0
u03,1364773834,5,0
u03,1365057637,5,0
u03,1365391156,5,0
u03,1365153860,5,0
u03,1365264599,2,1
u03,1365976809,4,0
u03,1366217270,2,1
u03,1366564808,2,1
u03,1367300082,5,0
u03,1367179227,2,1
u03,1367193635,3,1
u03,1367208006,3,1
u03,1367266699,4,0
u04,1364871206,3,1
u04,1365003955,2,1
u04,1364423252,4,0
u04,1364573027,2,1
u04,1364948274,2,1
u04,1365175514,2,1
u04,1366099532,2,1
u04,1365721600,3,1
u04,1365991302,2,1
u04,1366084885,3,1
u04,1366067037,3,1
u04,1366965454,3,1
u04,1366862709,3,1
u04,1367000252,3,1
u04,1367286464,3,1
u04,1367183650,3,1
u04,1367250838,3,1
u04,1367300942,3,1
u04,1367272489,3,1
u04,1367899398,2,1
u04,1367949703,2,1
u04,1368079040,3,1
u05,1364415083,4,0
u05,1364425922,5,0
u05,1364409301,4,0
u05,1364501283,4,0
u05,1364605380,4,0
u05,1364681002,4,0
u07,1364731808,4,0
u07,1364971139,4,0
u07,1364637696,4,0
u07,1364695672,5,0
u07,1364355812,2,1
u07,1364517071,4,0
u07,1364372190,4,0
u07,1364422428,4,0
u07,1364443895,4,0
u07,1364536763,4,0
u07,1364513833,4,0
u07,1364531238,4,0
u07,1364587358,4,0
u07,1364595952,4,0
u07,1364799501,5,0
u07,1364614568,5,0
u07,1364713715,4,0
u07,1364695670,5,0
u07,1364765844,4,0
u07,1364770202,4,0
u07,1364791877,4,0
u07,1364983966,4,0
u07,1365040346,4,0
u07,1365011835,4,0
u07,1365081505,4,0
u07,1365150132,5,0
u07,1365461428,4,0
u07,1365672741,4,0
u07,1365710683,4,0
u07,1365804691,4,0
u07,1366169922,4,0
u07,1365891820,4,0
u07,1366056040,2,1
u07,1366186225,4,0
u07,1366281877,4,0
u07,1366245261,4,0
u07,1366434340,4,0
u07,1366716537,4,0
u07,1366752736,5,0
u08,1364349856,2,1
u08,1364505508,3,1
u08,1364508471,3,1
u08,1364364910,4,0
u08,1364375470,4,0
u08,1364446429,2,1
u08,1364457406,3,1
u08,1364438557,4,0
u08,1364578964,2,1
u08,1364591073,2,1
u08,1364780452,3,1
u08,1364797586,2,1
u08,1365185784,3,1
u08,1365733253,2,1
u08,1365590059,3,1
u08,1365616172,3,1
u08,1365747918,2,1
u08,1365770153,2,1
u08,1365818216,2,1
u08,1365852894,2,1
u08,1365998848,2,1
u08,1365917932,2,1
u08,1366010517,3,1
u08,1366057262,2,1
u08,1366086828,2,1
u08,1366175231,2,1
u08,1366317256,3,1
u08,1366265194,2,1
u08,1366489231,2,1
u08,1366575699,3,1
u08,1366758108,2,1
u08,1366698648,2,1
u08,1366851437,3,1
u08,1366706995,2,1
u08,1366960451,3,1
u08,1367002852,2,1
u08,1367022689,3,1
u08,1366926960,3,1
u08,1366964391,2,1
u08,1367193909,2,1
u08,1367266965,2,1
u08,1367367218,3,1
u08,1367445345,2,1
u08,1368039468,2,1
u08,1368136750,2,1
u08,1367745576,3,1
u08,1367898820,2,1
u08,1369002985,2,1
u08,1369316354,2,1
u08,1369379404,2,1
u09,1364423233,4,0
u09,1364508026,4,0
u10,1364609268,2,1
u10,1364869924,4,0
u10,1364428862,2,1
u10,1364609269,4,0
u10,1364702853,4,0
u10,1364699474,4,0
u10,1364680918,4,0
u10,1364752051,4,0
u10,1364968520,4,0
u10,1364806252,4,0
u10,1364833955,4,0
u10,1364968519,4,0
u10,1364969990,5,0
u10,1365040681,4,0
u10,1365120705,2,1
u10,1365207346,2,1
u10,1365213650,4,0
u10,1365234458,4,0
u10,1365266723,4,0
u10,1365357079,4,0
u10,1365395153,5,0
u10,1365400248,4,0
u10,1365438631,4,0
u10,1365473663,4,0
u10,1365482894,4,0
u10,1365480250,5,0
u10,1365561812,4,0
u10,1365656970,4,0
u10,1365652667,2,1
u10,1365738620,4,0
u10,1366057780,2,1
u10,1366163551,2,1
u10,1366175910,2,1
u10,1366302399,4,0
u10,1366507435,4,0
u10,1366431434,4,0
u10,1366999326,2,1
u10,1366595714,4,0
u10,1366562620,4,0
u10,1366600652,4,0
u10,1366617063,4,0
u10,1366648805,4,0
u10,1366821887,4,0
u10,1366868375,4,0
u10,1366683576,4,0
u10,1366657587,4,0
u10,1366734466,2,1
u10,1366907654,4,0
u10,1367036245,4,0
u10,1367208278,3,1
u10,1367294505,4,0
u10,1367267124,4,0
u10,1368652566,4,0
u10,1368652620,4,0
u10,1368908148,2,1
u10,1369327578,4,0
u12,1364680435,3,1
u12,1364421657,4,0
u12,1364500079,3,1
u12,1364491500,4,0
u12,1364781885,4,0
u12,1364947331,4,0
u12,1365058833,3,1
u12,1365144922,4,0
u12,1365233989,3,1
u12,1365578714,4,0
u12,1365891828,3,1
u12,1366408212,5,0
u12,1367266927,3,1
u12,1367299278,3,1
u12,1369296674,2,1
u14,1364426314,4,0
u14,1364515193,4,0
u14,1364811751,2,1
u14,1365034272,2,1
u14,1364948510,2,1
u14,1364979013,2,1
u14,1365056774,2,1
u14,1365244515,2,1
u14,1365121751,2,1
u14,1365386571,2,1
u14,1365976816,2,1
u14,1365495556,2,1
u14,1365482405,2,1
u14,1366088072,2,1
u14,1365631314,2,1
u14,1365720468,2,1
u14,1365804005,2,1
u14,1365890492,2,1
u14,1366173086,2,1
u14,1366059293,2,1
u14,1366214234,2,1
u14,1366258529,2,1
u14,1366452515,2,1
u14,1366999217,2,1
u14,1367296515,2,1
u14,1367199496,2,1
u14,1367218317,2,1
u14,1367265612,3,1
u14,1367284586,3,1
u14,1368036155,3,1
u14,1368028994,3,1
u14,1368078068,3,1
u14,1369026208,3,1
u15,1364970819,3,1
u15,1364623308,4,0
u16,1364772360,4,0
u16,1364949540,2,1
u16,1365005643,4,0
u16,1365462160,3,1
u16,1365125623,4,0
u16,1365210799,4,0
u16,1365379456,2,1
u16,1365393124,2,1
u16,1365455951,2,1
u16,1365649113,3,1
u16,1365569335,2,1
u16,1365624024,3,1
u16,1365633446,3,1
u16,1365810420,4,0
u16,1366007895,3,1
u16,1365900027,3,1
u16,1365970774,2,1
u16,1366317809,2,1
u16,1366275377,2,1
u16,1366352255,2,1
u16,1366387570,2,1
u16,1366399805,3,1
u16,1366438385,2,1
u16,1366576653,3,1
u16,1366596598,3,1
u16,1366596604,3,1
u16,1366575490,3,1
u16,1367294457,3,1
u16,1366956866,3,1
u16,1366999337,3,1
u16,1367173411,3,1
u16,1367195441,3,1
u16,1367179535,3,1
u16,1367208805,3,1
u16,1367268386,3,1
u16,1367341969,4,0
u16,1367280016,3,1
u16,1367563972,3,1
u16,1367860673,3,1
u16,1368077786,2,1
u16,1367712962,2,1
u16,1367773802,2,1
u16,1367817929,3,1
u16,1367818003,3,1
u16,1368061832,3,1
u16,1368250107,4,0
u16,1368583737,2,1
u16,1367950702,2,1
u16,1368499504,2,1
u16,1367943136,2,1
u16,1368207260,3,1
u16,1368576619,2,1
u16,1368650275,4,0
u16,1368674414,2,1
u16,1367899212,3,1
u16,1368561564,2,1
u16,1368818734,4,0
u16,1368994784,4,0
u16,1369104402,2,1
u16,1369019963,3,1
u16,1369019988,4,0
u16,1369111249,3,1
u16,1369282738,3,1
u16,1369368560,2,1
u16,1369349334,2,1
u16,1369719704,3,1
u16,1369729103,3,1
u17,1364684780,2,1
u17,1366190098,2,1
u17,1366099385,3,1
u17,1365724416,3,1
u17,1365978836,3,1
u17,1366060052,3,1
u17,1366263875,3,1
u17,1366272014,3,1
u17,1366339011,3,1
u17,1366487226,2,1
u17,1366437372,2,1
u17,1366539365,3,1
u17,1366534700,3,1
u17,1366582236,3,1
u17,1367294710,3,1
u17,1366708907,3,1
u17,1367000810,3,1
u17,1367210055,3,1
u17,1367472367,3,1
u17,1367384525,3,1
u17,1367900979,3,1
u17,1367949671,3,1
u17,1368784381,3,1
u17,1367985665,3,1
u17,1368260008,3,1
u17,1367687909,3,1
u17,1367914044,3,1
u17,1368079027,3,1
u17,1368030631,3,1
u17,1368582565,3,1
u17,1368845958,3,1
u17,1368957026,3,1
u17,1369040256,3,1
u17,1369130694,3,1
u17,1369250115,3,1
u17,1369397225,3,1
u17,1369759414,3,1
u17,1369525523,3,1
u17,1369527989,3,1
u17,1369975037,3,1
u17,1370101079,3,1
u18,1364402047,4,0
u18,1364681460,4,0
u18,1366057545,3,1
u18,1367001157,3,1
u18,1367294412,3,1
u18,1367280542,3,1
u19,1364423003,4,0
u19,1364670653,2,1
u19,1364969525,2,1
u19,1365063248,2,1
u19,1365409930,2,1
u19,1365143596,2,1
u19,1365229959,2,1
u19,1365327400,3,1
u19,1365452322,2,1
u19,1365545467,2,1
u19,1365718993,2,1
u19,1365632355,2,1
u19,1365670917,2,1
u19,1366185862,2,1
u19,1365891207,2,1
u19,1366102476,2,1
u19,1365913010,2,1
u19,1366056091,2,1
u19,1366088812,2,1
u19,1366178223,2,1
u19,1366276546,2,1
u19,1366257627,2,1
u19,1366532005,2,1
u19,1367222068,3,1
u19,1366913734,2,1
u19,1367193779,2,1
u19,1367265601,3,1
u19,1367400483,2,1
u19,1367477657,2,1
u19,1368136991,2,1
u19,1367900324,3,1
u19,1367988662,2,1
u19,1368000008,3,1
u19,1368689395,3,1
u19,1367953801,3,1
u19,1368072999,2,1
u19,1368645260,4,0
u19,1368476839,2,1
u19,1368756460,3,1
u19,1368349577,4,0
u19,1368775546,3,1
u19,1368991504,4,0
u19,1368849481,3,1
u19,1369038380,4,0
u19,1369250393,4,0
u19,1369210255,4,0
u19,1369295029,2,1
u19,1369336933,3,1
u19,1369425852,4,0
u19,1369470205,3,1
u19,1369984360,5,0
u19,1369561989,2,1
u19,1369852305,4,0
u19,1370070401,4,0
u20,1364425348,4,0
u20,1364425348,4,0
u20,1365722833,2,1
u22,1364697652,3,1
u22,1364455212,5,0
u22,1364440000,4,0
u22,1364464835,5,0
u22,1364579312,4,0
u22,1364602889,2,1
u22,1364618484,3,1
u22,1364761986,4,0
u22,1364973413,4,0
u22,1364947283,4,0
u22,1365107108,4,0
u22,1365442705,5,0
u22,1365316173,5,0
u22,1365386686,4,0
u22,1365496080,4,0
u22,1365546071,4,0
u22,1365618325,4,0
u22,1365666855,4,0
u22,1365721869,4,0
u22,1365821043,4,0
u22,1365895434,2,1
u22,1366339366,4,0
u22,1366704076,4,0
u22,1367814856,4,0
u22,1367913446,4,0
u22,1368336087,4,0
u22,1367960047,4,0
u22,1369337043,4,0
u23,1364524351,2,1
u23,1364536845,2,1
u23,1364767206,4,0
u23,1364684275,4,0
u23,1364623453,4,0
u23,1364783977,4,0
u23,1365240102,4,0
u23,1365308171,4,0
u24,1364806088,2,1
u24,1364517556,2,1
u24,1364539989,3,1
u24,1364548356,4,0
u24,1364727371,5,0
u24,1364636369,2,1
u24,1364712152,3,1
u24,1364866267,4,0
u24,1365202714,4,0
u24,1365327609,2,1
u24,1365480017,3,1
u24,1365754480,2,1
u24,1365536854,2,1
u24,1365902000,2,1
u24,1365930790,2,1
u24,1365922956,3,1
u24,1366186305,2,1
u24,1366250469,2,1
u24,1367208005,2,1
u24,1368648039,2,1
u24,1368847941,3,1
u24,1369039879,2,1
u24,1369195600,2,1
u25,1364429445,4,0
u25,1364600754,4,0
u25,1364667381,4,0
u25,1364839000,2,1
u25,1364975587,4,0
u25,1365055231,4,0
u25,1365212104,4,0
u25,1365230264,4,0
u25,1365452449,2,1
u25,1365482771,4,0
u25,1365810897,3,1
u25,1366062639,3,1
u25,1366088888,4,0
u27,1364503041,2,1
u27,1364540375,3,1
u27,1365447157,3,1
u27,1365577579,3,1
u27,1365985137,2,1
u27,1366185692,2,1
u27,1366317025,2,1
u27,1366272008,3,1
u27,1366257614,3,1
u27,1366918397,4,0
u27,1367193624,2,1
u27,1368036278,4,0
u30,1364527434,4,0
u30,1364584836,4,0
u30,1364719666,4,0
u30,1365015404,4,0
u30,1365285715,4,0
u30,1365285721,5,0
u30,1365323032,2,1
u30,1365285718,5,0
u30,1365285717,4,0
u30,1365998070,4,0
u30,1365621859,5,0
u30,1365566408,4,0
u30,1365717612,4,0
u30,1365896612,4,0
u30,1366099422,4,0
u30,1366289684,3,1
u30,1366336341,2,1
u30,1366608013,4,0
u30,1366862511,4,0
u30,1367562567,4,0
u31,1364508024,4,0
u31,1364594440,5,0
u31,1364684254,3,1
u31,1364947339,4,0
u31,1365120832,4,0
u31,1365804015,4,0
u32,1364698203,4,0
u32,1364697586,4,0
u32,1364759632,4,0
u32,1365062828,4,0
u32,1365368656,4,0
u32,1365291582,4,0
u32,1365303826,4,0
u32,1365294992,4,0
u32,1365387644,4,0
u32,1365448387,4,0
u32,1365452871,4,0
u32,1365500751,4,0
u32,1365546112,4,0
u32,1365621182,4,0
u32,1365580690,4,0
u32,1365631746,4,0
u32,1365788565,4,0
u32,1365806533,4,0
u32,1365838933,4,0
u32,1365896739,4,0
u32,1365831981,4,0
u32,1366187223,4,0
u32,1366281350,4,0
u32,1366257797,4,0
u32,1366438217,4,0
u32,1366679427,4,0
u32,1366830276,4,0
u32,1367294521,4,0
u32,1366662719,4,0
u32,1366711982,4,0
u32,1368904993,5,0
u32,1369636148,4,0
u33,1364509098,4,0
u33,1364953857,2,1
u33,1364767215,4,0
u33,1364840494,2,1
u33,1364969309,2,1
u33,1365055213,2,1
u33,1365210340,4,0
u33,1365386425,4,0
u33,1365451452,4,0
u33,1365480225,4,0
u33,1366057954,4,0
u33,1365494847,4,0
u33,1365717691,4,0
u33,1365537962,4,0
u33,1365544838,4,0
u33,1365636120,4,0
u33,1365649775,4,0
u33,1366101454,4,0
u33,1365736183,4,0
u33,1365747091,4,0
u33,1365892470,4,0
u33,1366190058,3,1
u33,1366171281,2,1
u33,1366272052,4,0
u33,1366257620,4,0
u33,1366434691,5,0
u33,1367280004,2,1
u33,1367306590,3,1
u33,1367193608,2,1
u33,1367208000,2,1
u33,1367265604,3,1
u33,1367306356,3,1
u33,1367472245,2,1
u33,1367384590,3,1
u33,1368732794,3,1
u33,1368589922,3,1
u33,1367987175,3,1
u33,1367958272,3,1
u33,1368043869,3,1
u33,1367814633,3,1
u33,1367905796,3,1
u33,1368645196,3,1
u33,1368845796,3,1
u33,1368909411,3,1
u33,1368937275,3,1
u33,1369195344,3,1
u33,1369368022,3,1
u33,1369433166,4,0
u33,1369880426,2,1
u34,1364768218,4,0
u34,1364972147,4,0
u35,1364530876,4,0
u35,1364681826,5,0
u35,1364768535,4,0
u35,1365034441,4,0
u35,1365055264,4,0
u35,1365120858,4,0
u35,1365148923,4,0
u35,1365212266,5,0
u35,1365233222,5,0
u35,1365495128,4,0
u35,1365724451,5,0
u35,1365980129,4,0
u35,1366263805,2,1
u35,1366427379,4,0
u35,1366571887,2,1
u35,1366682409,3,1
u35,1367208042,3,1
u35,1368394510,3,1
u35,1367961507,5,0
u36,1365209120,3,1
u36,1365233307,2,1
u36,1365300491,2,1
u36,1365389596,3,1
u36,1365825167,2,1
u36,1366086246,2,1
u36,1366171714,2,1
u36,1365719092,2,1
u36,1365804512,2,1
u36,1365791946,3,1
u36,1365906751,2,1
u36,1366188944,2,1
u36,1366067907,2,1
u36,1366102764,2,1
u36,1369200175,4,0
u36,1369164593,4,0
u41,1364771542,2,1
u41,1365039827,2,1
u41,1365055212,2,1
u41,1365890411,2,1
u41,1365977545,3,1
u41,1367193608,2,1
u41,1367312977,3,1
u41,1368000327,3,1
u42,1364972231,5,0
u42,1365034470,4,0
u42,1364956578,5,0
u42,1364904605,5,0
u42,1364956045,5,0
u42,1365123527,4,0
u42,1365143342,4,0
u42,1365207118,4,0
u42,1365386871,2,1
u42,1365486837,4,0
u42,1365894879,4,0
u42,1365894826,4,0
u42,1367003102,4,0
u42,1368004506,4,0
u42,1367987412,3,1
u42,1368553309,4,0
u42,1368553363,4,0
u42,1368653655,5,0
u42,1368993068,4,0
u42,1369112439,4,0
u42,1369220819,4,0
u43,1364951087,3,1
u43,1364859558,3,1
u43,1365034969,3,1
u43,1364970752,3,1
u43,1365008361,2,1
u43,1365056927,2,1
u43,1365322882,5,0
u43,1365228476,4,0
u43,1365149974,3,1
u43,1365222199,4,0
u43,1365318739,4,0
u43,1365284810,4,0
u43,1365806846,2,1
u43,1365789659,3,1
u43,1366174372,3,1
u43,1365830567,3,1
u43,1365977296,3,1
u43,1366082623,3,1
u43,1366063023,3,1
u43,1366085112,3,1
u43,1366188892,3,1
u43,1366258394,3,1
u43,1366272671,3,1
u43,1366317339,3,1
u43,1366597115,3,1
u43,1366597118,2,1
u43,1366704658,3,1
u43,1366999339,4,0
u43,1366919335,3,1
u43,1367193929,3,1
u43,1367294481,3,1
u43,1367280007,2,1
u43,1367384984,3,1
u44,1364970926,4,0
u44,1365039582,5,0
u44,1364947585,4,0
u44,1365034778,4,0
u44,1365055880,4,0
u44,1365092074,4,0
u44,1365128510,4,0
u44,1365141955,4,0
u44,1365180357,4,0
u44,1365240302,4,0
u44,1365398461,2,1
u44,1365453699,4,0
u44,1365494583,4,0
u44,1365634932,2,1
u44,1365882887,2,1
u44,1366042917,2,1
u44,1366086121,4,0
u44,1366080627,4,0
u44,1366646996,2,1
u44,1366698238,4,0
u44,1367248360,3,1
u44,1367284632,3,1
u44,1367294598,3,1
u44,1367871050,4,0
u44,1368649748,4,0
u44,1368726559,4,0
u44,1368636548,4,0
u44,1368030431,3,1
u44,1368378349,4,0
u44,1368584143,3,1
u44,1368670508,4,0
u44,1368733550,4,0
u44,1368812679,4,0
u44,1369675715,2,1
u44,1370034952,5,0
u45,1364899373,5,0
u45,1364977331,5,0
u45,1365036657,4,0
u45,1364977333,4,0
u45,1365145691,5,0
u45,1365206473,4,0
u45,1365443714,4,0
u45,1365454309,5,0
u45,1366099726,5,0
u45,1365804238,5,0
u45,1365890998,5,0
u45,1365976805,5,0
u45,1366100027,5,0
u45,1366273099,5,0
u45,1367268041,4,0
u45,1367985977,4,0
u45,1368842411,2,1
u45,1369077275,3,1
u46,1364807149,2,1
u46,1364796191,5,0
u46,1364969432,4,0
u46,1364948277,4,0
u46,1364895947,2,1
u46,1364788585,2,1
u46,1364792710,4,0
u46,1365057834,5,0
u46,1365144971,3,1
u46,1365206593,3,1
u46,1365232937,4,0
u46,1365301149,3,1
u46,1365391549,3,1
u46,1365451228,4,0
u46,1365494502,4,0
u46,1365890618,3,1
u46,1365719354,3,1
u46,1366043702,3,1
u46,1366185659,3,1
u46,1366999210,3,1
u46,1367294521,3,1
u46,1367208224,3,1
u46,1367194989,3,1
u46,1367265610,3,1
u46,1367814398,2,1
u47,1365142029,4,0
u47,1365894524,2,1
u47,1366274853,4,0
u47,1367296264,2,1
u47,1367280024,2,1
u47,1369336925,4,0
u49,1364681195,3,1
u49,1364594494,3,1
u49,1364536874,3,1
u49,1364712773,3,1
u49,1364798130,4,0
u49,1364769362,4,0
u49,1364928262,4,0
u49,1365041094,2,1
u49,1364972278,3,1
u49,1365055311,4,0
u49,1365120198,2,1
u49,1365451370,2,1
u49,1365214087,4,0
u49,1365301643,5,0
u49,1365361504,5,0
u49,1365388701,4,0
u49,1365494971,5,0
u49,1365634704,5,0
u49,1366188746,4,0
u49,1365720841,5,0
u49,1365832925,4,0
u49,1365883310,4,0
u49,1365890743,5,0
u49,1365977173,4,0
u49,1366057765,4,0
u49,1366259901,3,1
u49,1366273849,4,0
u49,1366704185,5,0
u49,1366999409,2,1
u49,1367208022,4,0
u49,1367294855,5,0
u49,1367280189,5,0
u49,1367385389,4,0
u49,1368039553,4,0
u49,1367704883,3,1
u49,1367950018,5,0
u49,1368216611,4,0
u49,1367906520,3,1
u49,1367816068,4,0
u49,1368756687,5,0
u49,1368584272,2,1
u49,1368842786,5,0
u49,1368858774,5,0
u49,1368994907,5,0
u49,1368906184,2,1
u49,1369281763,5,0
u49,1369336462,4,0
u49,1369371636,4,0
u49,1369889811,5,0
u49,1369986764,2,1
u50,1364981112,2,1
u50,1365719149,2,1
u50,1365997739,2,1
u50,1366068641,2,1
u51,1364972032,2,1
u51,1364950505,2,1
u51,1365228563,4,0
u51,1366066810,2,1
u51,1366100080,2,1
u51,1366151425,2,1
u51,1366258100,2,1
u51,1367366780,3,1
u51,1367477005,3,1
u51,1367558707,2,1
u51,1368737416,2,1
u51,1369120733,2,1
u51,1369037869,2,1
u51,1369256297,2,1
u51,1369368019,2,1
u52,1364682245,2,1
u52,1364767884,2,1
u52,1364971464,5,0
u52,1365035814,5,0
u52,1365065874,5,0
u52,1365452631,3,1
u52,1365209113,3,1
u52,1365274587,3,1
u52,1365304983,3,1
u52,1365495923,5,0
u52,1366260396,4,0
u52,1365718338,5,0
u52,1365895486,5,0
u52,1365981928,2,1
u52,1366171612,4,0
u52,1366273148,5,0
u52,1367216409,2,1
u52,1366704227,2,1
u52,1366999576,2,1
u52,1368733353,2,1
u52,1368672823,2,1
u52,1368936004,3,1
u52,1369119510,3,1
u52,1369163714,3,1
u52,1369455023,5,0
u53,1364678390,2,1
u53,1364953819,4,0
u53,1364797372,2,1
u53,1365120175,3,1
u53,1365144672,4,0
u53,1365217504,2,1
u53,1365992050,2,1
u53,1366115179,2,1
u53,1366715379,4,0
u53,1367271780,2,1
u53,1368670597,2,1
u53,1368741184,3,1
u53,1368844078,2,1
u54,1365055418,2,1
u54,1365120095,3,1
u54,1365279152,4,0
u54,1366186486,4,0
u54,1365808028,2,1
u54,1365891474,4,0
u54,1366704061,2,1
u54,1367280016,3,1
u54,1368072039,4,0
u56,1365381726,5,0
u56,1365393280,4,0
u56,1365496965,5,0
u56,1365619708,5,0
u56,1365643452,2,1
u56,1366176111,5,0
u56,1366063660,2,1
u56,1366087171,2,1
u56,1366435968,5,0
u56,1367000286,5,0
u56,1367648996,5,0
u56,1368991315,5,0
u56,1369716179,2,1
u56,1370326632,4,0
u57,1364425354,4,0
u57,1364414648,5,0
u57,1364508029,4,0
u57,1364598030,4,0
u57,1364767494,5,0
u57,1365494981,4,0
u57,1365635026,4,0
u57,1366046792,2,1
u57,1365980056,2,1
u57,1365970001,2,1
u57,1366056717,2,1
u57,1366085251,2,1
u57,1366208730,3,1
u57,1366171218,2,1
u57,1366434019,2,1
u57,1366573117,2,1
u57,1366705283,3,1
u57,1366825032,3,1
u57,1366914536,3,1
u57,1366999349,3,1
u57,1367193703,3,1
u57,1367209368,3,1
u57,1367266159,3,1
u57,1367294634,2,1
u57,1367385902,2,1
u57,1367471686,3,1
u57,1367557218,2,1
u57,1367812838,3,1
u57,1368072232,4,0
u57,1368937284,2,1
u57,1370240001,5,0
u58,1364683058,4,0
u58,1365033775,2,1
u58,1365122647,2,1
u58,1365481108,5,0
u58,1365806422,5,0
u58,1366258302,2,1
u58,1366215469,2,1
u58,1365973504,2,1
u58,1365987428,2,1
u58,1366128028,2,1
u58,1366165966,2,1
u58,1366272010,2,1
u58,1366518906,5,0
u58,1366595600,2,1
u58,1366728751,5,0
u58,1366999235,2,1
u58,1367300414,2,1
u58,1367179225,2,1
u58,1367212750,2,1
u58,1368011532,2,1
u58,1368036227,2,1
u58,1368758344,2,1
u58,1367954593,2,1
u58,1367812810,2,1
u58,1368416721,5,0
u58,1368741322,2,1
u58,1368820423,2,1
u58,1369040265,2,1
u58,1369120020,2,1
u58,1369299604,2,1
u58,1369339101,2,1
u59,1364701656,4,0
u59,1364767965,4,0
u59,1365042510,5,0
u59,1364363094,4,0
u59,1364377205,2,1
u59,1364407038,4,0
u59,1364448701,4,0
u59,1364498774,4,0
u59,1364508032,5,0
u59,1364541925,2,1
u59,1364550857,4,0
u59,1364590270,4,0
u59,1364576030,4,0
u59,1365025230,5,0
u59,1364601722,5,0
u59,1364681627,4,0
u59,1364731436,4,0
u59,1364766369,4,0
u59,1364807374,4,0
u59,1365029963,4,0
u59,1364843162,5,0
u59,1365011984,4,0
u59,1364862698,4,0
u59,1365015993,4,0
u59,1365008864,4,0
u59,1365048599,4,0
u59,1365127477,2,1
u59,1365132363,2,1
u59,1365134530,2,1
u59,1365161872,3,1
u59,1365180721,4,0
u59,1365313481,5,0
u59,1365370457,4,0
u59,1365465734,5,0
u59,1365462038,3,1
u59,1365976956,5,0
u59,1366071451,4,0
u59,1365724612,5,0
u59,1365494950,5,0
u59,1365800403,4,0
u59,1365552733,5,0
u59,1365660567,4,0
u59,1365824146,4,0
u59,1365738821,4,0
u59,1365702928,4,0
u59,1365717612,4,0
u59,1366197567,2,1
u59,1365746757,2,1
u59,1365815169,4,0
u59,1365890989,4,0
u59,1365969954,4,0
u59,1365919398,4,0
u59,1365909317,4,0
u59,1366049180,2,1
u59,1366092237,4,0
u59,1366084853,4,0
u59,1366156988,4,0
u59,1366307891,4,0
u59,1366315385,4,0
u59,1366343945,4,0
u59,1366404731,5,0
u59,1366412788,5,0
u59,1366431730,4,0
u59,1366437236,4,0
u59,1366913294,4,0
u59,1366732940,3,1
u59,1366770504,4,0
u59,1366964248,4,0
u59,1366836418,4,0
u59,1366854317,4,0
u59,1366934077,4,0
u59,1366951052,4,0
u59,1367348604,3,1
u59,1366920024,4,0
u59,1367127257,4,0
u59,1367097314,4,0
u59,1367113049,4,0
u59,1367193693,2,1
u59,1367265614,4,0
u59,1367251139,4,0
u59,1367318958,3,1
u59,1367460108,4,0
u59,1367510601,4,0
u59,1367557242,4,0
u59,1367837064,4,0
u59,1367734823,4,0
u59,1368230423,3,1
u59,1367663218,5,0
u59,1368072216,4,0
u59,1367787368,4,0
u59,1368014879,2,1
u59,1368293641,2,1
u59,1368597797,2,1
u59,1367893841,4,0
u59,1368360472,3,1
u59,1368605566,2,1
u59,1368992046,4,0
u59,1368911207,4,0
u59,1369009480,4,0
u59,1369090445,4,0
u59,1369082879,4,0
u59,1369079292,4,0
u59,1369162555,4,0
u59,1369181222,5,0
u59,1369249112,4,0
u59,1369332207,4,0
u59,1370031313,5,0
u59,1369994264,4,0
u59,1369944204,5,0
u59,1369958489,5,0
u59,1370023706,4,0
u59,1369546466,4,0
u59,1369644240,2,1
u59,1369595864,4,0
u59,1369681754,4,0
u59,1369792980,2,1
u59,1369734940,2,1
u59,1369771671,2,1
u59,1369800335,2,1
u59,1369874557,2,1
u59,1369858113,2,1
u59,1370059434,5,0
u59,1370416519,4,0
u59,1370477165,4,0
u59,1370387871,4,0
u59,1370335175,4,0
u59,1370408804,5,0
u59,1370221193,4,0
u59,1370152842,4,0
u59,1370309395,4,0
u59,1370246220,4,0
u59,1370208706,4,0
u59,1370231310,4,0
u59,1370394583,4,0
u59,1370514132,4,0
u59,1370648787,4,0
