uid,n,pos_rate,auc,auc_sd,bal_acc
u43,33,0.82,0.9623456790123457,0.001851851851851827,0.9064814814814814
u03,19,0.32,0.9102564102564102,0.040542021284209966,0.7878205128205129
u35,19,0.26,0.9042857142857142,0.039408897783239236,0.7614285714285713
u01,16,0.44,0.8285714285714285,0.0338954865143851,0.7968253968253969
u10,56,0.21,0.7172348484848484,0.06177872375961152,0.5958333333333334
u44,33,0.3,0.6708695652173913,0.06550804796226252,0.6184782608695653
u59,119,0.22,0.6384615384615384,0.019813860821515778,0.5676385442514474
u49,50,0.3,0.634095238095238,0.04209006647826926,0.5261904761904762
u33,44,0.55,0.6204166666666666,0.03380910462516799,0.6275
u46,25,0.68,0.5926470588235294,0.0825496600040364,0.4933823529411766
u16,67,0.84,0.5754870129870131,0.04134514306564806,0.5040584415584416
u57,30,0.73,0.5732954545454545,0.07084978945126977,0.51875
u58,31,0.81,0.526,0.1016070863670443,0.49433333333333335
u00,38,0.5,0.5254847645429364,0.08224908058809552,0.5026315789473684
u19,54,0.8,0.45539112050739955,0.0950208353074948,0.4835095137420719
u02,15,0.47,0.4357142857142858,0.11383841036078018,0.43571428571428567
u22,28,0.14,0.38333333333333336,0.08836379191853541,0.48125000000000007
u24,18,0.78,0.3482142857142857,0.11015121795207954,0.41607142857142854
u52,23,0.61,0.3460317460317461,0.12594815507858648,0.4309523809523809
u12,15,0.53,0.3375,0.15432745797723194,0.3294642857142857
